study,female_mean,non_white_mean,dmagediag_mean,bmi_mean,hba1c_mean,glucosef_mean,insulinf_mean,ldlc_mean,hdlc_mean,tgl_mean,tgl_hdl_mean,sbp_mean,dbp_mean,ast_mean,alt_mean,female_n,non_white_n,dmagediag_n,bmi_n,hba1c_n,glucosef_n,insulinf_n,ldlc_n,hdlc_n,tgl_n,tgl_hdl_n,sbp_n,dbp_n,ast_n,alt_n
ACCORD,0.3910149750415973,0.39434276206322794,59.965890183028286,32.65388488128581,7.892487479131886,162.34479865771812,NA,110.96308724832215,40.86577181208054,200.46812080536913,5.584597050021351,134.53678929765886,77.74581939799332,NA,31.28775167785235,601,601,601,601,599,596,0,596,596,596,596,598,598,0,596
DPP,0.6508728179551122,0.43640897755610975,52.209148361971785,35.6523575250541,6.349248120300752,125.36159600997506,32.86309067688378,120.78347934918648,43.14643304130163,169.69211514392993,4.4158462879322204,126.13623395149786,78.64194008559201,NA,NA,802,802,802,701,798,802,783,799,799,799,799,701,701,0,0
DPPOS,0.6633554083885209,0.45695364238410596,58.24009495297711,35.03492383774349,6.080228571428571,122.88852097130243,37.18876146788991,111.82379862700229,47.19450800915332,158.12013729977116,3.822423634164749,123.75837053571429,75.24274553571429,27.054054054054053,27.60810810810811,906,906,906,895,875,906,872,874,874,874,874,896,896,74,74
JHS,0.6443514644351465,1,58.95679012345679,34.308017015861175,7.688495575221239,160.2637614678899,23.11569301260023,119.10141509433963,50.52643678160919,142.6,3.279492537936097,129.77238493723848,74.8776470711297,NA,NA,478,478,162,465,452,436,291,424,435,435,435,478,478,0,0
Look AHEAD,0.6442417331812998,0.3409350057012543,57.10376282782212,35.87782409647411,6.710194730813288,136.26826484018264,NA,117.92579908675799,44.4851598173516,178.47602739726028,4.613322536407314,127.89125431530495,71.17836593785961,NA,NA,877,877,877,869,873,876,0,876,876,876,876,869,869,0,0
