term,estimate,std.error,statistic,p.value,outcome
(Intercept),-4.82637769024015,1.2234450928934144,15.56229497362502,7.983079757289957e-5,nephropathy_abnormal
clusterySIDD,-0.7531431435334177,1.3326512659193985,0.3193905197107521,0.5719741506675942,nephropathy_abnormal
clusterySIRD,0.6134908805210076,0.8350416136490896,0.539759115205612,0.46253257405687054,nephropathy_abnormal
age_category>15,-0.0167340071779799,0.9328122046139214,3.2181883818466943e-4,0.9856872693212794,nephropathy_abnormal
age_category14-15,-41.19686803351915,0.5706726227310055,5211.3989838346015,0,nephropathy_abnormal
female,0.20835021403917137,0.8626657200239011,0.05833145648034242,0.8091528456865809,nephropathy_abnormal
race_ethNH Black,0.42649522353518715,1.331475271960661,0.10260348994942038,0.7487274346100905,nephropathy_abnormal
race_ethHispanic,1.473562377485923,1.1834904486993223,1.5502706851011434,0.2130954848746096,nephropathy_abnormal
race_ethNH Other,1.3483917515949304,1.434465401013098,0.8835924964038739,0.34721960798012896,nephropathy_abnormal
