term,estimate,std.error,statistic,p.value,outcome
(Intercept),-6.502692212485033,1.5655824575153918,17.251803542793454,3.2738663294229475e-5,nephropathy_abnormal
clusterySIDD,0.3772229078613371,0.7631266948311513,0.24434464494099312,0.6210856433420526,nephropathy_abnormal
clusterySIRD,0.4550224217654488,0.7196211381300158,0.39981379199607203,0.5271854380871226,nephropathy_abnormal
age_category>15,0.2834621835164731,0.8016758691000397,0.12502378243744774,0.7236484014608977,nephropathy_abnormal
age_category14-15,1.475334711925719,0.8090276595092039,3.325480318240677,0.06821408656054595,nephropathy_abnormal
female,1.5194361553525038,0.801954286270781,3.5897622548489663,0.05813655980185373,nephropathy_abnormal
race_ethNH Black,0.8642359288216883,1.17389760280541,0.5420061357570278,0.4616025059191561,nephropathy_abnormal
race_ethHispanic,2.37586112291305,1.1179575949298262,4.516390037418817,0.033571596115919644,nephropathy_abnormal
race_ethNH Other,2.024284074863726,1.2503097303933026,2.6212454821106403,0.10544164956697133,nephropathy_abnormal
